first_name,last_name,email,address,phone_number
Jessica,Dixon,kimberlybeard@example.org,"47379 White Mountain
Lake Caleb, MT 54580",001-500-422-4915x8524
Scott,Bryant,tristan81@example.org,"661 Dustin Pass Apt. 220
Troyton, OK 28636",+1-431-658-2569x9903
Samuel,Kane,doyledonald@example.net,"PSC 7682, Box 8862
APO AA 24551",345.712.9986
Ashley,Cunningham,hhall@example.com,"PSC 7570, Box 9626
APO AA 18834",(396)507-3193
Maurice,Williams,timothy04@example.org,"3760 Dunn Centers Suite 671
South Timothy, MH 24296",(841)273-8317
Deborah,Walls,robinsonjames@example.com,"26506 Taylor Mission
East Cynthia, FM 27131",612-939-8646x09778
Krystal,Morrow,stephen03@example.org,"915 Gabrielle Route Suite 615
South Ashley, VA 44277",795-406-3615
Austin,Ray,jasonstrickland@example.com,"USCGC Henderson
FPO AA 66666",436-377-3445
Aaron,Gregory,christinacallahan@example.com,"28932 Derek Walks Apt. 968
South Jeremyville, LA 65287",001-530-270-3215
Tracy,Duncan,qherrera@example.org,"564 Harrison Ports Apt. 738
New Brianna, WI 09837",001-723-449-9686x0359
