first_name,last_name,username,encoded_password,email,address,phone_number
Jacob,Hall,jacob.hall,QWlIQDA0SmtQZldP,markaustin@example.net,"62297 Moran Parks
North Georgeview, MD 12508",+1-251-855-5272x6703
Larry,Lewis,larry.lewis,ZlJLWmFQdGJiNjQj,xperkins@example.net,"89592 Scott Neck
Josephshire, NE 70290",001-965-586-7818
Billy,Davis,billy.davis,IXI1QTkkb2M4JGlY,gtyler@example.com,"700 Gregory Drive
Wardstad, MA 90520",(227)344-3757
Amy,Price,amy.price,KV9CZkUqQU0xV21l,lrodriguez@example.org,"98245 Eaton Isle
Wayneberg, VI 46124",615-800-4652
Crystal,Davis,crystal.davis,STlPMCF5KEYrY21t,sallypadilla@example.org,"812 Linda Highway
East Ryanland, HI 47510",001-454-337-7426x8988
Sean,Griffin,sean.griffin,bWdobSt1bnMmX0cw,johnthomas@example.org,"80842 Jennifer Course Apt. 135
Wilsonstad, VI 45096",(375)205-3976x514
Scott,Sanchez,scott.sanchez,QUcyMU0qbmVAX0Ir,djones@example.com,"82116 Kara Branch Suite 087
Stuartport, PW 05753",929-838-2433x313
Michael,Young,michael.young,NHJeVSZOJXcqKDkl,david90@example.com,"487 Washington Mall
Jensenhaven, NC 00660",001-227-217-9905
Kevin,Hernandez,kevin.hernandez,dHVWZ2dpZlNGN0wj,billgonzalez@example.net,"57115 Harris Forges Apt. 485
Ortizhaven, OK 14134",001-519-242-6770x16063
Kimberly,Gregory,kimberly.gregory,ckxPKm9JYigjQzdH,molinanathan@example.org,"403 Johnson Extensions Apt. 025
Jorgeport, OH 73059",5434769557
Melissa,Hopkins,melissa.hopkins,KkBxZVM0Vm9vU0VZ,clarkshawn@example.org,"740 Kelly Hill
Cristianview, PA 83714",+1-288-341-0122x728
Sarah,Richardson,sarah.richardson,KFIkMUgyenEmUDF6,anthonygarza@example.com,"4091 Anthony Turnpike
Deleonmouth, KY 31298",(769)514-5020
Betty,Coleman,betty.coleman,NUpBdCpYRiNFVUZe,millerheather@example.org,"62947 Obrien Summit Suite 287
Pattersonmouth, MO 29440",728.805.2755x5074
Dennis,Caldwell,dennis.caldwell,JDRGbUN3NEtUOVdY,jonesmichael@example.com,"712 Brian Cape Suite 786
Davisfort, VA 75617",980.386.2565
Leslie,Brown,leslie.brown,dVM4RShhdXN5ZzMr,reginamiller@example.com,"007 Fuentes Hills Suite 215
East Kenneth, MN 25513",296.861.1134
David,Shaffer,david.shaffer,KCRFK2UjXl5FMURK,osandoval@example.org,"729 Nicole Stream
North William, CT 05701",(725)612-6077x54132
Laura,Montes,laura.montes,MFhpRjdtTHErNyMz,melissa87@example.net,"207 Tammy Circle
Austinshire, MD 37554",473.763.5583
William,Adams,william.adams,MyFiWjJUVXBkNVk2,mccarthybreanna@example.com,"9540 Joseph Road Suite 300
Dayside, OK 27879",+1-746-478-6222x6152
William,Edwards,william.edwards,eEV3NV93ZmNCJldJ,jbennett@example.net,"4536 Brianna Shores
West Brittanyfurt, DE 95501",+1-447-595-3422
Amanda,Parker,amanda.parker,RiYlX3ZrSHRPbjFE,rodgersjoshua@example.net,"Unit 2751 Box 4457
DPO AP 31678",(842)259-4926
Renee,Elliott,renee.elliott,RypaKzB3S2JYZmkq,annsanchez@example.org,"Unit 3548 Box 1113
DPO AE 04881",001-489-603-8144x22580
Marilyn,Nichols,marilyn.nichols,KFE4SEtubWEwOV9L,joshuataylor@example.com,"0113 Nicole Ranch Apt. 500
Lake Kyletown, SC 35814",001-653-725-5529x22244
Catherine,Thomas,catherine.thomas,QzcwNzlOYjkpN1Ro,markmccoy@example.org,"0482 Graham Burg Apt. 639
Hicksshire, SD 86329",785.443.6915x502
Kristen,Flores,kristen.flores,NyY3MU95YlF4Z1Rt,jenniferlane@example.net,"9140 Jennifer Mission
Lake Andrew, WI 99782",799-466-7979x980
Heather,Jones,heather.jones,R1JTbnYmc05eKDUo,fballard@example.org,"4338 Myers Island Apt. 418
East Kyle, IA 83951",001-766-632-4365
Robert,Scott,robert.scott,JjJARylOdiEpbTZa,gloria08@example.net,"890 David Ports
Davisfurt, LA 19333",540-466-5207
Charles,Lopez,charles.lopez,JjFvSGRNd1ZhTTIl,jenniferhudson@example.net,"43139 Lindsey Mountain Apt. 991
North Jimmy, TX 54777",001-790-872-6168x812
Candice,Roberts,candice.roberts,JjlFYURHZmxtTjYo,jsantos@example.net,"1246 Lewis Spur
Andreamouth, KY 40938",527.881.4289x429
Christopher,Jackson,christopher.jackson,Km03QkZ2Y0ZKWEhK,sellersjeremy@example.com,"644 Sutton Underpass Apt. 103
Port Cathy, NM 89259",+1-290-854-3996x5247
Michelle,Beard,michelle.beard,IzRhVEh5d3ZBcDdv,ginabates@example.org,"237 Alexander Garden
West Cassidy, PR 94014",+1-648-828-3136x028
David,Ward,david.ward,XkBwOUpVaTVsQmsp,nguyengregory@example.com,"USNV Shepard
FPO AA 03930",(886)589-1807x859
Michael,Barry,michael.barry,JDhoUm9xVm5yX144,nathan72@example.net,"4726 Jackson Lodge
Roberthaven, NY 64655",8566314293
Thomas,Holder,thomas.holder,KXMyVFJAZW10KGpW,michaellove@example.org,"67738 Thompson Stravenue Suite 711
North Christopher, OK 31565",(377)443-9915x775
Amy,Grimes,amy.grimes,UlE4RFF1dihUMlBe,mfarley@example.net,"71663 Bethany Courts
West Devin, IL 58793",(267)848-5677x2341
Madison,Porter,madison.porter,ZkhkVXFZWFUoNjFu,jennifer18@example.net,"57261 Lopez Extension
Connertown, NE 82877",+1-710-637-8509x4226
Marc,Collins,marc.collins,cCVIOShWNWJmTmle,jennifermiller@example.org,"622 Allison Drives
Boydside, GU 57775",001-827-534-0975x0377
Brett,Lyons,brett.lyons,T0pFOERnc2RDeF5t,mcculloughamy@example.org,"41575 Ponce Trail Suite 318
Jimmybury, OH 80523",593.908.5817
Bailey,Miller,bailey.miller,I2VSb09uNks2a01R,duffyshannon@example.org,"247 Martinez Parkway
Fergusonfurt, ME 64195",001-422-735-1020
Jeffrey,Massey,jeffrey.massey,X0QwUlVPR2ZndSZt,rebeccarhodes@example.com,"134 Deleon Lights Apt. 094
New Kimberlyberg, GA 45577",+1-616-642-9833
Angela,Miller,angela.miller,Jmw5QnBlXndnU15f,mcmillanjennifer@example.net,"84045 Samuel Glen
Coxberg, PA 51304",+1-300-388-6920
Kenneth,Smith,kenneth.smith,JjZERHFtZ3JnJWFW,david82@example.com,"60155 Dawn Mount
Port Kathryn, MS 48835",838-205-6182x421
Charles,Payne,charles.payne,KTVPdnRRdXpXI2xw,brittany18@example.org,"3150 Ann Bypass
Crystalberg, SC 47121",712-571-5203
Elizabeth,Clark,elizabeth.clark,JnYzS1ljeCRVNEIk,sjackson@example.org,"7997 Andrews Ports Suite 774
East Aarontown, MN 43580",396-207-1736
Jennifer,Haney,jennifer.haney,dTNpR2ZrJDYrWl55,maryjimenez@example.net,"49098 Richard Lodge Suite 567
Michaeltown, NM 92727",001-980-605-6706x882
Melissa,Mason,melissa.mason,N1RMZDJtKkJeMCRU,bjones@example.org,"9216 Kristen Garden
Johnsonville, WI 38441",(373)559-3009
Victoria,Perry,victoria.perry,JURoT0ZmQiRKdiM3,linda37@example.com,"29048 Miller Path
Turnershire, MS 83192",218.703.2620x7736
Carol,Pena,carol.pena,KytRVUVGR3YjWTVR,sharon82@example.com,"45467 Moore Field
West Brittanyburgh, MO 48748",476-841-3642x726
Cheryl,Allen,cheryl.allen,STZ6IVFzI3YocTRT,brightmatthew@example.com,"9139 Cox Village
Angelashire, NV 26452",415.603.4014
Lauren,Blanchard,lauren.blanchard,JTczQSojYW90cVBw,maryjones@example.net,"78959 Andrew Fall Apt. 661
Chelseachester, MI 93496",(252)222-0340
Dennis,Knapp,dennis.knapp,KioqQ15OclUkJFYy,lorilewis@example.net,"440 Gibson Loaf Apt. 277
East Timothyton, ND 77636",277-338-0801x52703
Tyler,Moreno,tyler.moreno,R0QzTENWY3BZXmZS,ygarcia@example.org,"98618 Peters Freeway
Lake Morgantown, MI 40458",+1-509-647-6017x620
Jonathan,Rivers,jonathan.rivers,ITZQZllBaWwoTk00,williamschristine@example.org,"947 Robertson Mountains
South Coleport, VT 56876",(465)833-7606x1296
Daniel,Griffin,daniel.griffin,IyVWXjAmamdrODlI,hwillis@example.net,"11962 Kristin Mission Suite 335
East Matthew, WV 04134",277-436-5830x28964
Brian,Allen,brian.allen,TU9fcSRPT2NIUSo1,alanrusso@example.com,"55725 Dana Turnpike Apt. 052
Keithland, OH 53372",9043825864
Virginia,Henderson,virginia.henderson,QFM1d2hNcFM4MGxB,arivera@example.net,"840 Salazar Center
Anitahaven, KY 79368",(554)488-9850x6931
Amanda,Hinton,amanda.hinton,Xkc4MipVbiUrRCVr,jacksondanny@example.com,"PSC 6051, Box 6569
APO AA 96891",425.785.0866
Jesus,Crane,jesus.crane,UyZpOVp5UEdjeGUq,stacey48@example.org,"180 Boone Harbor
Perryton, ND 61837",448-335-4793
Ryan,Stevens,ryan.stevens,KkVFZFklQShzN2ph,haasdavid@example.net,"81457 Stacey Curve
Markview, NV 95919",+1-932-721-6858x0748
Erica,Powers,erica.powers,ZTFlKSNNV2YqaCtF,samanthazuniga@example.com,"046 Macias Forge Suite 262
Melissamouth, AK 36239",794.696.6368x8092
Tiffany,Wright,tiffany.wright,JmhXUUVvIV4zZyFW,monica95@example.net,"89655 Davis Rest Suite 720
South Brittany, CT 42178",(526)608-7213
Jesus,Jones,jesus.jones,KSpWQ3lHdGtjSzk2,smithlisa@example.org,"1599 Laurie Lock
Jenniferton, TN 39769",001-468-762-4341
John,Freeman,john.freeman,OFchZERIc15SMjhE,santiagoheather@example.org,"71452 Mccarthy Points Suite 328
East Kristenton, TN 79551",(261)826-0557
Matthew,Douglas,matthew.douglas,KzBvdVd6ZGo3ZnZX,isaac92@example.com,"22968 Baker Ranch Apt. 798
Jacksonside, MN 86680",755-291-8844x697
Tamara,Ray,tamara.ray,MCoxMCtKZngrKkpG,hjohnson@example.com,"00915 Crystal Inlet
Gregoryside, CO 36922",6646521008
Brad,Thompson,brad.thompson,eVMzT2hhVE5fdnpC,cwilkins@example.com,"773 Mitchell Overpass
Phillipmouth, NE 58016",001-471-912-2314x333
Elizabeth,Clark,elizabeth.clark,YSQzblpnIUh0RVdS,melanieburns@example.net,"939 Bianca Vista
East Jenniferland, RI 45850",(905)221-8496x24593
Megan,Olson,megan.olson,Sko1UExWZkl1X2Y3,jacksontimothy@example.org,"260 James Well Suite 918
New Tammy, TX 83943",399.754.0027
Melinda,Rogers,melinda.rogers,JSlvTm00T2hpMFYq,ericamiller@example.net,"6961 April Creek Apt. 253
Sierraton, TN 42650",6077617401
Noah,Perkins,noah.perkins,QEJydTdWcHA0NCs0,gflores@example.org,"154 Torres Port
South Christinafort, GA 15547",+1-609-629-6285
Tracey,Velazquez,tracey.velazquez,bkIrQVpvNGcoSjBA,khaynes@example.net,"17997 Rojas Oval Apt. 090
Frankborough, NV 04792",438.538.7811
Traci,Chen,traci.chen,dTVBYWZiTihebjJJ,justin32@example.net,"9549 Rivera Views Apt. 778
West Angela, HI 08110",(388)951-3998
Richard,Sanders,richard.sanders,JTJNUCZQcUxjOSpq,shannonnichols@example.com,"30913 Pamela Drive
North Debra, NY 88066",412-313-7573
Jennifer,Barnes,jennifer.barnes,dnpZa3liKUFeKzRs,melanieyoung@example.net,"Unit 4906 Box 7596
DPO AE 01754",+1-498-982-7481x564
Pamela,Morse,pamela.morse,ZjBqX1JAbGJvTylC,leslie48@example.org,"PSC 7604, Box 5824
APO AP 85514",6887420280
Alyssa,Snyder,alyssa.snyder,IWowOW9sY2hXbTJM,johnrose@example.com,"952 Joshua Point
Lauraburgh, SC 88093",746-731-1012
Casey,Cohen,casey.cohen,YyV3TXNBOXZpSjF2,mooreadam@example.com,"Unit 0250 Box 5679
DPO AP 60263",+1-367-453-8312x85179
Scott,Lee,scott.lee,JiVeNG1NSGRQV2pn,mkerr@example.net,"547 Stephanie Row
Masonton, UT 99252",001-423-585-1458x07843
Alexandria,Goodwin,alexandria.goodwin,Jjg3YWpkUGE0UU5D,grayandrew@example.com,"76529 Pamela Isle Apt. 931
West Veronica, CA 90790",001-200-706-4202
Ashley,Lee,ashley.lee,dDVZdiQkVzMmR0Il,harveyjennifer@example.com,"50945 Gary Pass
Vargasborough, GU 05925",001-552-968-0120x7943
Alexandra,Wilson,alexandra.wilson,TVFsejdqRGpMIyUj,howebonnie@example.org,"39117 Reed Corner Apt. 729
Walkerberg, GU 36784",(650)573-2767x9346
Linda,Washington,linda.washington,KkskbHdic1FoMTJC,gabrielle80@example.com,"74443 Dennis Trafficway
West Jeffrey, AZ 66663",001-615-420-3292x109
Megan,Morgan,megan.morgan,Z19iJChYaUchYlAw,tracey12@example.net,"50569 Johnathan Shore
Lake Victorbury, WI 81924",+1-631-429-8479x9454
Amy,Rice,amy.rice,JVQ3NkNlN3c1eVFu,haynesmariah@example.com,"17280 Garcia Drives Suite 779
Shieldsland, TX 99070",372-234-1388x7646
Teresa,Dennis,teresa.dennis,KGxfTTVQXnRCZ0Rr,robert02@example.net,"4528 Laura Village
Sandovalfurt, FM 22224",551-226-9602x3916
Aaron,Pierce,aaron.pierce,M3Q0X0BzWSEjMnFZ,carl36@example.org,"0245 Karl Springs Apt. 921
Andreport, CO 31351",(791)845-5265x383
Tristan,Simon,tristan.simon,XjEqT0spZnpNZVBV,juanwilcox@example.com,"2531 Brandi Avenue
Sherylton, AS 00810",(429)683-6423
John,Miles,john.miles,U29LRUFWYXZJIyQ2,ronniebrooks@example.net,"23855 Steven Lodge
Karenborough, NH 02625",870.430.9203
Rachael,Lynch,rachael.lynch,M2MkMGJrNFcrNFVE,wpatton@example.com,"8137 Huber Route
New Adrian, MN 62366",621-549-6800x0070
Bernard,Lee,bernard.lee,QHZVWFZGMXZhN3JI,daniel65@example.org,"93979 Donna Well
Donaldberg, NC 98722",001-321-609-4821x207
Jennifer,Pope,jennifer.pope,YysqeUFxZChwODgl,nathanielnelson@example.com,"9538 Garcia Crescent Suite 666
Patrickberg, MT 67278",315.860.1274x0288
Michael,Ellis,michael.ellis,ViQ2RHpJazNQaHhs,lewismary@example.org,"964 Keller Ville
Kellyville, AL 62653",506-287-5146x646
Patricia,Shelton,patricia.shelton,JkAxWHFLIVBKbVFU,brian27@example.net,"97448 Richardson Ferry
Rebekahville, VA 17912",+1-571-306-0463
Joshua,Stewart,joshua.stewart,KjgyQktrOG5fM2pq,kbarton@example.com,"978 Wood Parkways
Lake Robert, KS 07694",4237454998
Ashley,Johnson,ashley.johnson,aSY4QzZpanRHXmMr,phillip56@example.net,"657 Tommy Gardens Suite 466
Lake Beth, CO 03815",747-607-0491
George,Bernard,george.bernard,T0gkQXF0NlglaGs1,elizabeth84@example.org,"406 Johnson Alley Apt. 718
Wallaceport, MI 30942",+1-998-753-2346x804
Adam,Davies,adam.davies,eClFVG0qdXgoOXpX,leeandrea@example.net,"0164 Kyle Fords
Markshire, NY 37667",001-793-442-1354x832
Karen,Woods,karen.woods,WGhNZFcoUGYlMjUp,haysmark@example.net,"60868 Danielle Cliff
Vargastown, OK 01997",782.325.3873x2329
Ryan,Robinson,ryan.robinson,NTJPdE82QXZAaExe,heidi63@example.net,"90916 Tanya Plains
Jessicahaven, WA 04988",263.478.5507x8081
Patrick,Jennings,patrick.jennings,QmU4Mk0mM2EkQCUm,robert75@example.net,"67480 Brown Viaduct Suite 881
West Jacob, MO 01054",(477)349-5369x3848
Terri,Williams,terri.williams,IzlLd00kR3kyal4w,sarah88@example.net,"996 Goodwin Ridge
Mitchellberg, NM 72946",873.572.1036x63900
